{
  "project_info": {
    "project_number": "153530825632",
    "project_id": "project-pacer-3",
    "storage_bucket": "project-pacer-3.appspot.com"
  },
  "client": [
    {
      "client_info": {
        "mobilesdk_app_id": "1:153530825632:android:3674c22bb105d964d7c2c5",
        "android_client_info": {
          "package_name": "com.example.projectpacer"
        }
      },
      "oauth_client": [
        {
          "client_id": "153530825632-nbibs1ac28net3ij3ecaob088r2dtl3g.apps.googleusercontent.com",
          "client_type": 3
        }
      ],
      "api_key": [
        {
          "current_key": "AIzaSyBoEDhTWpspU6NCd7YQlQpYRAF0KODXF0M"
        }
      ],
      "services": {
        "appinvite_service": {
          "other_platform_oauth_client": [
            {
              "client_id": "153530825632-nbibs1ac28net3ij3ecaob088r2dtl3g.apps.googleusercontent.com",
              "client_type": 3
            }
          ]
        }
      }
    }
  ],
  "configuration_version": "1"
}